username,usertype,score,zan,sc,times,comment,sent_score,sent
huge_girl,vip,5.0,0,0,2024-03-03 14:58,到过九寨沟的人，都会有自己印象里的九姑娘。，，我心目中的九姑娘，身着五彩衣，眼波荡漾，在雪山和蓝天向我们走来。，，九寨沟最负盛名，也最美丽、最沉迷的海子要算五花海。五花海又叫孔雀海，位于孔雀河上游的尽头，据说从老虎嘴俯瞰她的全貌，俨然是一只羽毛丰满的开屏孔雀，那绽开的尾翼如五彩的屏。那一泓碧水嵌在环绕着的山峦之间，坐拥着叠翠的幽谷、皑皑的雪峰、金灿灿的彩林、热情似火的红叶，色彩已经是前所未有的绚烂，被誉为“九寨沟一绝”和“九寨精华”。，，﻿远远望去，九姑娘的湖泊衔接着青山，像是连绵的折叠的画卷，近处的边在我们脚下，远处的边的尽头是雪山和蔚蓝的天。，，去过九寨沟，不看秋。,1.0,好评
豆豆柒,vip,4.0,0,0,2024-02-17 13:35,回老家过年🧨，听九寨沟开通了高铁🚄，临时起意安排一次说走就走的旅行。，在携程上定了酒店和包车服务，包车是高铁站到景区和之间随叫随到，这个还是蛮方便哒！但千万不要买他们推荐的特产，一定会被宰哦！说是自己家的但基本都是拉客性质，价格比市场高出2-3倍。，我们觉得一天时间游玩九寨沟的景区基本购了，因为我们当天游客很多接近3.2万人次，我们8点半到景区已经排起长龙，进入口排了20分钟，但九寨沟容客能力很强，旅游大巴🚌超级快没一会把人都运到了山里，中转站都不停直接开到箭竹海。这一条线真的都是精品，一路下来都是推荐景点，冬天熊猫海有一半是结冰的，只有冬天才会有的美。中午在诺日朗吃好中午饭，下午坐公交车到则查洼沟长海，也是一片冰川拍拍照就需要步行到五彩池坐车，因为冬季五彩池的水很少，不过也很漂亮像一块碧玉。，最后逛正树沟我们都是步行的，带着孩子一路狂走，赶在太阳下山前走完所有景点。，确实看完九寨沟的水，就不想在看其它的了。,0.9999986955607019,好评
healthy6,vip,5.0,0,0,2024-03-06 12:50,2023年11月21日打卡九寨沟。，      大自然鬼斧神工，赐予了九寨沟两大风情—高山与湖泊的集合体。都说九寨归来不看水，但若不是九寨沟周围的山势险奇，也难以烘托出水的风韵。，      五花海的泉水从湖底喷涌而出，阳光照耀下，色彩缤纷，亦真亦幻；诺日朗瀑布，滔滔流水从瀑顶树丛中倾泻而下，像数条洁白的哈达，水势浩大，声振山谷。，      九寨沟的负氧离子有1万多，是北京的几十倍，只要呼吸一口，就让人沉醉。，      一趟九寨之旅，令人窒息，令人陶醉，让人流连忘返。,0.9999961986155906,好评
zjxiann,vip,5.0,0,0,2024-03-01 22:10,交通：，我们抵达成都在成都玩了一天，在纠结报团还是租车自驾，最终选择了后者。不太喜欢跟团赶鸭子式游玩。不过选择自驾也要非常小心，国道开到后面下大雪了，地面结冰容易打滑，不过也是一次非常特别的体验了。，，推荐理由：，虽然九寨沟这时候属于淡季，但是景色有特别的静美，有冰川雪山🏔️有碧绿树林🌲有带有冰柱的瀑布，有调色板般美如画的湖泊。一天像是看遍了四季。淡季人不是特别多，一整天也可以玩的很舒服。另外景区的公交车🚌非常多一班接一般不用硬挤，马上就会有下一班来。公交车上也会有工作人员介绍景点。，，tips：，海拔不是很高，但是最近天气到下午还是会有点冷，里面可以穿上适合排汗的衣服，带上帽子和围巾🧣保暖，手套🧤可以自行选择，我没有戴，全程手机拍照，手套也是无所谓。景区会有工作人员扫雪，但是尽量还是穿防滑的鞋子，偶尔会有一小点点结冰的地方。全程观光车，但是走路也会比较多，穿着舒适为主。，，餐饮：，景区里会有餐厅🍴提供盒饭25-30元左右，也有60元的自助餐（口味一般个人喜好），餐食我不太爱吃，我是猛炫了2碗炖蛋,0.999999429087117,好评
&amp;蜂王酱,vip,4.5,1,0,2024-02-07 08:02,风景九寨沟要比黄龙美很多，几乎不是一个档次，九寨沟还是很值得来也很值得一步步去丈量去记录。，九寨沟路线像个“Y”字，中间一竖和右边的斜是美的风景比较集中的一段。进景区大门后大巴车直接坐到最上面，沿途会有视频播放讲解每个景点的名称和由来。坐到最上面后可以选择步行或部分景点和景点之间坐车，景区内观光车全部免费不算次数。，风景好的没话说，在我心目中“山清水秀”第一名。必须亲临。，景区的开发做得很好。人车分离不担心安全问题，景区内只有大巴没有更多的破坏环境的交通，小卖部。大门口的建筑设计美观具有现代感，也很人性化，还有免费供冷、热水的饮水间。整体在旅游开发这块要做的比黄龙好很多好的。，午饭下午三点才吃，在一个寨子里，目的就是让买藏红花 冬虫夏草牛肉干等东西。贵的没必要。,0.99999999999997,好评
我的天呐,vip,5.0,0,0,2024-03-02 19:14,自驾过来，走的212国道，12道拐名不虚传，进沟赶上下雪了，雪后的九寨沟景色更是美了不少，淡季的票价很优惠，买一赠一，文旅还有200减70的活动，俩人才100多块钱套票，很超值，景区内巴士很方便，想去哪里去哪里，很多人说冬季不适合游九寨沟，其实别有一番滋味，享受雪中的浪漫，散漫的漫步也很不错呢,0.9999999611790644,好评
kentphoenix,vip,5.0,2,0,2024-03-05 21:58,一家人难得的自驾游，从成都租车出发，开了一整天的山路，顺利抵达了九寨沟。去的时候是四月，算是淡季，还遇到了下雪。突然就想起了“人间四月芳菲尽，山寺桃花始盛开”的诗句。因为是淡季，所以人不多，但水确实很漂亮，清澈见底的湖泊洗净了心灵的铅华，湖中的枯树则沉淀了岁月的厚重，让人有种脱离尘世凡嚣之感。相当赞！,0.9999999999983611,好评
sidecar,vip,5.0,2,0,2024-03-13 09:41,天地有大美而不言。，，补一个九寨沟的点评。没想到冬天的九寨沟这么美丽，同时看到了雪景和多彩的海子。天地宽广，心胸也跟着打开。，建议大家在沟里住一晚，藏民家有暖乎乎的牦牛火锅很幸福。或者提前一天晚上到，这样早上进沟玩一天也差不多啦～,0.9999947463201957,好评
Celia菲儿,vip,5.0,2,0,2024-03-13 13:45,九寨沟游览方式:，‼乘坐景区观光车游览，一般景区调度会把游客安排到分叉沟的左手边最高点，或者右手边最高点，两条沟都有可能，具体先去哪条沟看运气。先到右手边日则沟的从第1条开始看，如果先到左手边长海方向的，查阅第6条说明，1、乘车至水景观的最高处箭竹海（再往此分叉沟高海拔原始森林基本无与水有关景点，建议不去），注意‼此景点不走回头路，顺栈道向下步行至箭竹海乘车点（约800m）。注意‼步行至箭竹海上车点涵洞时，先不要过涵洞，先直走100米去箭竹海瀑布拍照，拍照后原路返回再过涵洞到上车点上车。，2、箭竹海上车后乘观光车至熊猫海游览，熊猫海因受地震影响，沙滩和蓝色湖水已经被破坏，建议车上参观，直接乘车前往九寨沟的骄傲五花海，五花海游览建议环湖（约1km），游览时间1小时。，3、五花海环湖结束同样返回下车点上车，乘车前往西游记片尾曲拍摄地珍珠滩和珍珠滩瀑布，注意‼此景点不走回头路，顺栈道先游览珍珠滩，再向下至珍珠滩瀑布游览拍照，一路顺栈道（约1.5km）镜海停车场乘车。，4、在镜海停车场坐上车就等于结束了右分叉沟（日则沟）的游览。，此时观光车会到达三沟交汇处诺日朗中心站，注意‼建议没必要在中心站餐厅吃饭，浪费游览时间，最好自行携带方便食品，游览途中解决！       ，5、诺日朗中心站下车后，直接沿路牌至长海方向乘车点前往左分叉沟（则扎哇沟）游览，乘车时间约半小时，路途18km，最好有座才上！（如找不到长海上车点，直接问小摊贩老板或者景区工作人员），6、若乘车至长海站后下车，长海面积4.8平方km，观景台看全景较为壮观，右侧有楼梯可贴近湖面游览，建议停留时间半小时内！注意‼左分叉沟全程不走回头路。，7、游览完长海背对长海走右手木制栈道，步行约1km前往五彩池，顺路游览完五彩池以后，继续沿栈道步行500m到达五彩池停车场，乘车前往诺日朗中心站方向，左手分叉沟游览结束！，‼注意，按照正常游览时间，此时已是下午，五彩池停车场上车后至诺日朗中心站很可能在中心站不再停车，会直接开往沟口方向，若中心站未停车，只需坐稳前往主干沟（树正沟）！如中途在诺日朗中心站停车，只需沿路牌前往出沟方向坐车！， 8、如要前往诺日朗瀑布游览，必须在诺日朗中心站下车，再步行800米前往该景点，看完后原路返回中心站坐车！‼个人建议诺日朗瀑布可以车上观看，因为一是景点与珍珠滩瀑布类似，二是该瀑布拍不到全景，没必要耗费体力），9、乘车前往出沟方向后，到犀牛海下车，这个景点原地下车原地上车，拍完照后直接坐车前往老虎海。(注意‼主干沟的景点都一定不要过桥到湖对面，不然会错过精华景点)，10、在老虎海下车后，不走回头路，顺流水方向走栈道800米，沿途游览老虎海，树正瀑布，公主海及树正磨坊。‼走到树正磨坊以后请一定不要过桥，走靠山的楼梯往上到达九寨沟的缩影——树正群海。，‼最后到达树正群海后，九寨沟的精华景点就算看完了，可以直接坐车出大门了。下游虽有芦苇海，但观光车中途不停，步行需要3到4公里才能到达下一个乘车点，而且景点性价比不高，所以可以直接坐车出门了。，‼出景区大门之前，观光车上讲解员会问你还有一条扎如沟要不要去，这条沟没有任何与水有关的景点，一定不要去。关键去了过后半天才有车接你出九寨沟，请一定直接出九寨沟景区！,1.0,好评
匿名用户,vip,5.0,0,0,2024-03-20 09:32,我们是上周天从成都过去的，到镇江关站下车后，坐直通九寨沟的大巴车过去，在某程上订票。如果不是旺季，就可以当天早上定下午的票，时间越晚票价越便宜，但也要防止没票了。到沟口附近的酒店住一晚，晚上找了一家汤锅，很不错，服务态度，味道都很好。那个核桃饼很好吃，还又要了一份带走。第二天早上进沟游玩，从检票口坐车上山，那个公交车是到了诺日朗那儿根据调度随机选择一个方向。我是我们运气好，去了景点较多的右边。越往上走，雪越多，一片银装素裹的世界，很童话。虽然看着雪多，其实也不算太冷，正常冬装就行，或者稍微抗冻一点可以穿薄一点，可能拍照更好看。我们时间很紧，当天要回去，所以每个景点几乎就是稍微走了一下就走了。还有几个景点没去，五彩池也错过了，不过这次的遗憾都会成为下次的惊喜与期待，一定会再去一次的。另外，九寨沟冬季实行淡季优惠政策，门票买一送一，多一个人只需要再买观光车的票，我们三个大人一个宝宝，我买了一个买一赠一、一个全票，又刚好有满减，门票观光车票一共才300。我相信夏季水草丰茂，绿水成荫。秋季彩色的树林会更好看。但冬天的九寨也美不胜收，值得一去，就是路上小心点，有雪较滑，工作人员是不能做到完全清雪的，毕竟树上的雪是会掉下来的。,0.9999875934053373,好评
精灵画师,vip,5.0,0,0,2024-03-17 11:07,如果喀纳斯的美是气势磅礴，那九寨沟的美就是灵动秀美。真是此生必打卡的地方,0.9467351137442414,好评
不吃香菜的反派,vip,5.0,0,0,2024-02-26 11:29,💙一直向往的九寨我终于来了,0.9089708341798939,好评
丷Jerry,vip,4.5,2,0,2024-02-07 21:16,❄️❄️❄️雪 九寨沟的冬日美景 如果没有这场雪真不知道能看到什么(っ≧ω≦)っ❄️这趟最喜欢珍珠滩瀑布。86 版西游记取景地。，九寨沟的地形其实很简单，不用看任何攻略，进入景区就是公交车，每个景点都有站。 Y 字中间是诺日朗中心，转车，吃饭，休息，购物都在这里。两边先玩那边都可以。,0.9999947767122219,好评
Kevin,vip,5.0,0,0,2024-03-01 14:05,暴走三万步只为九寨归来不看水，，梯湖叠瀑飞珠溅玉果真名不虚传。找一个好的天气和最亲的人漫步九寨的感觉真的是太美好了，蓝天白云绿水青山，悠然自得犹如置身仙境一般享受大自然带来无穷乐趣.只是景区服务态度需要提高，很多工作人员素质很一般，和这么好的景色相比就略逊一筹了。,0.9999999644679126,好评
你为什么要吃我的饼,普通用户,5.0,0,0,2024-01-16 15:30,冬天的九寨沟虽然没有五颜六色但有着独有的魅力。，冰、霜、雪、雪山、彩虹等尽收眼底，山川湖泊真的像散落在大地上的宝石。，，交通：，🚄高铁现在已经通车了，以前只能跟团或者自驾来，现在可以直接坐高铁来了，方便很多，要不然大巴车要开上一整天。，，特色体验：，牛肉汤锅大家一定要去尝一尝，还有手抓羊排，真的好好吃，青稞饼酥油茶，不一定非要在景区买哈，住的附近转转看看去买就可以。，，推荐理由：，淡季人很少，去哪里都不需要排队，而且冬天的景色完全不输夏天，拍照很出片。，，tips：，保暖！保暖！保暖！然后就是带保温杯，高反那些很少很少，不需要买氧气罐那些，正常人完全可以适应，路上记得带补充体力的食物。,0.9999999999999436,好评
Zxc,vip,5.0,1,0,2024-03-01 08:14,冬日九寨，冰封的童话世界，九寨沟，这个名字早已耳熟能详，但冬天的九寨沟，却仿佛是一个全新的世界，等待我去探索。在冬日的阳光下，我踏入了这片被誉为“人间仙境”的土地，感受着那份独特的宁静与美丽。，九寨沟的冬日，是冰雪的王国。雪花飘落，将整个景区装扮得如诗如画。诺日朗瀑布在寒风中静静地流淌，不再是夏日那般的汹涌澎湃，而是宛如一条银链，轻柔地垂落在山间。在阳光的照射下，瀑布的边缘闪烁着晶莹的光芒，仿佛是大自然的珠宝。，沿着蜿蜒的山路前行，五彩池和五花海在冰雪的映衬下，显得更加五彩斑斓。池水清澈，倒映着周围的雪山和树木，形成了一幅幅绝美的画面。在这里，我仿佛置身于一个冰封的童话世界，每一步都充满了惊喜。，长海是九寨沟最大的海子，它位于则查洼沟的尽头，对面是皑皑雪峰。在冬日里，长海的水面结上了一层薄薄的冰，仿佛是一面巨大的镜子，映照着周围的一切。站在湖边，我感受到了大自然的宏伟与宁静，仿佛整个世界都在这一刻凝固了。，箭竹海是另一个令人难忘的地方。湖畔的箭竹在寒风中摇曳，发出沙沙的声响，仿佛在诉说着冬天的故事。湖水清澈见底，山峦的倒影在水中清晰可见。在这里，我感受到了大自然的和谐与美丽，仿佛自己也融入了这片神奇的土地。，除了这些美丽的自然景观，九寨沟的藏族文化也给我留下了深刻的印象。在游览的过程中，我遇到了许多热情的藏族同胞，他们穿着传统的服饰，用淳朴的微笑迎接着每一位游客。在他们的带领下，我参观了当地的寺庙，了解了藏族的风俗习惯，感受到了这个民族的独特魅力。，总的来说，冬天的九寨沟是一个充满惊喜的世界。在这里，我不仅欣赏到了美丽的自然风光，还感受到了大自然的神奇力量。每一个景点都给我留下了深刻的印象，让我对这个世界充满了敬畏和感激。我相信，在未来的日子里，我还会再次来到这里，继续探索这个美丽的世界。,1.0,好评
Sulimin223,vip,5.0,8,0,2024-01-22 15:21,九寨沟长海看雪❄️，当乘摆渡车去往长海途中，道路两旁银装素裹的树木葱葱掠过，让人流连忘返如痴如醉，拍摄视频的游客忙乎的不亦乐乎。到达长海站刚一下车即被周边的美景惊艳到了，雪山蜿蜒起伏巍峨壮观，海子水如明镜圣洁飘渺，人仿佛置身在仙境之中，相机实难拍出她那震撼而迷人的画面，还是驻足尽情的欣赏吧，将她的美深深的印刻在心里。，感谢大自然赐予我们如此美好的人生邂逅！,0.999999999999998,好评
Cynthia,普通用户,5.0,0,0,2024-02-14 20:42,交通:成都-镇江关（火车12306） 镇江关-九寨沟沟口（大巴各软件搜索九寨沟直通车）  提前买票（三四天），准备物品: 防晒装备 几包感冒药 可能需要晕车药看体质 三千多海拔氧气瓶不太用得上 进沟可以自己准备点水和吃的 景区内也可以买 比外边贵一些 但是能接受 比如罐装可乐里边5元，门票:微信小程序阿坝旅游网/九寨沟景区 买票 160元/人 240元/2人 ，游玩时间: 早上第一波进沟 下午出沟 时间充足，整体体验:景区各项设施比较完善很方便 景区游览车每一个观赏点会停（都有厕所） 到点上下就行 海子都很美 值得去 不建议特种兵行程 感觉不慌不忙看下来不错,0.005361753320862195,差评
小静溜达溜达,普通用户,4.5,0,0,2024-03-15 13:28,3天2晚超详细游玩安排，看这篇就够了，🌟day 1，成都东站➡️镇江关站 （高铁🚄10:30-12:11 💰116），镇江关站➡️松州客运站（免费接驳车🚌发车12:30左右，大约40分钟），松州客运站➡️九寨沟沟口（大巴🚌发车14:00左右，客运站🎫💰42，大约两个小时），	，🌟day 2，全天深度游玩九寨沟景区💰240双人套票，开园时间8:00（附景区地图为最后一张），九寨沟内呈Y字形分布，左边则查洼沟18km，右上日则沟17km，下面树正沟14km，总共49km。，	，上午：景区门口乘车➡️箭竹海➡️熊猫海➡️五花海➡️珍珠滩瀑布➡️镜海，	，中午：诺日朗中心站用餐休息（有个自助餐60/位、盒饭20、烤肉肠10、泡面15、玉米10，吃得性价比不高，,0.9998392374662066,好评
MIMOaiai,vip,4.5,0,0,2024-02-27 16:45,"九寨沟的名副其实是在是太美啦～，十月中旬去完全人不多，机场有直达成都航班，也可以从成都做大巴去，大巴有不同车型，可以选择保姆车可以充电车位距离也大，就是如果开的慢一点大概要十个小时到九寨，时间要预留出一天的行程。但是车票不贵180元的保姆车型。，可以在成都看完熊猫再来九寨，住的希尔顿是没有送机服务的，希尔顿花园不如希尔顿度假酒店，是两家，服务差异很大。自己预订车一般到机场一个人是50的费用，先大概要走一个半小时，从九寨沟景区到黄龙机场，黄龙除了有个德克士是没有吃的的，建议在景区附近或者千里情那里吃完饭再坐飞机。，有的人在黄龙有高反，但是大部分人都没事完全没必要买那些什么红，都是旅行团让你买的，水果也不用，大巴的话沿途会让你各种买水果啥的不用信，九寨的大景区那里商场挺多的都可以买到，还有adidas、nike的专卖店，防风衣都可以买到，在沿途的休息站或者服务站有可能是二手的衣服，要小心点。，推荐进入景区后走Y的左边路线长海那边看长海景区后有五彩池都是大景色，要抓紧时间走哦。下午四点以后大巴车就不往山上走了。二点前可以返回中转站到另外右边的五花海，原始森林，最远处。，中途的大巴都很方便。十月中旬晴天的地方穿裙子，没太阳地方穿羽绒服.,,这里感冒据说二周好不了的，要注意保暖哦。再有需要注意的稍后我再更新哈。#九寨沟旅行 #九寨沟攻略 #九寨沟拍照 #九寨沟住宿 #九寨沟景区直通车 #成都美食 #成都 #藏服写真简影旅拍",0.9873353560921779,好评
幸福lao吃货,vip,5.0,0,0,2024-03-18 09:00,去年的9月份公司团建去了甘南，再从甘南去往九寨沟，晚上住下后第二天一大早去往景区。错峰旅游就是不拥挤啊，九寨沟不愧是得天独厚的风景名胜。随便拍照都出片。每个海子都有自己的特色，下去在夏天一定再来一次住他个十天半个月。,0.2984399512474436,差评
冰栗子.,普通用户,5.0,0,0,2024-03-04 21:07,交通：景区旁边就可以停车🅿️ 我们停了6小时多点35块，整个景区很大 上山下山都非常方便 有公交车🚌接送，每到一个景点都会停车让乘客拍照📷就是去五彩池后 下山的时候有点晕车，特色体验：从每个角度看到了不同的景色，没带身份证可以直接输身份证号码就可以了 很方便哦,0.09132289457426412,差评
chloe522,vip,5.0,0,0,2024-02-07 09:04,我们是在12月底来的川西，路线是上海-成都飞机，然后成都到镇江关高铁，高铁下来包车到了九寨沟，我的评价想分两个部分: 九寨沟景区和九寨沟市，九寨沟市:我觉得酒店密集的区域都是游客区，吃饭的餐厅当地司机也推荐了，巨贵巨难吃。甚至比我们住的橘子水晶酒店都贵。量还少。所以建议大家如果淡季去，吃的实惠就去酒店餐厅吃。正规连锁酒店比较好，一般晚上营业到8.30前后。，九寨沟景区附近吃不到什么好吃的牦牛火锅，就不要想了。，九寨沟景区:管理和景区内班车都很多，很好，景区洗手间也比较干净，好评。，吃的东西不多，只有在三条沟交界处有一个吃东西的地方，大多是泡面。所以大家可以带个自热锅什么的。,0.0007393893702711818,差评
娟娟_223907,vip,3.5,0,0,2024-01-05 21:48,九寨沟风景区位于四川省阿坝藏族羌族自治州境内，因为沟内有九个藏族村寨而得名。这里被称为世界水景之王，有“九寨归来不看水”的美誉。，坐着观光车一路走来，我就被那迷人的美景深深吸引。公路一旁的山上简直是树的海洋，那参天的杉树，像是紧张的战士屹立在悬崖峭壁之上，一棵棵大樟树撑起一张张绿茵大伞，真壮观啊!公路的另一旁，其实才是九寨沟的最美之处。你看，那碧绿的水面，那欢快的水流，那白花花的水珠，还有那一泻千里的瀑布，就像一幕晶莹剔透的水帘，时而飘落一缕清凉爽快的雨丝。流水浩浩荡荡，穿过石缝，绕过高山，一路欢歌，一路笑语：“丁冬”，“丁冬”，好像音乐家在弹奏，又好像几个小伙伴在嬉戏。，，九寨沟风景区整体布局呈现英文字母“Y”字形。主要有三条游览线路：树正沟、则查洼沟和日则沟。我们先沿着树正沟前行，沿途有很多湖面，火花海、卧龙海、老虎海、箭竹海......它们颜色各异，碧绿、深绿、墨绿、鹅黄;或湛蓝、深蓝、浅蓝，远远望去碧蓝如缎、色墨相间、深不可测。其中给我留下印象最深的还是镜海。当镜海的湖面映入我眼帘的时候，我仿佛就像看到了一位亭亭玉立的少女，稳稳端坐在那里，安静祥和的犹如一位绿衣仙子飘落人间。一阵微风拂过，水面稍稍起了一点涟漪，好像绿衣仙子的飘带在飘荡。此情此景你说像不像在人间仙境呢?，，顺着镜海的山路继续前行，就来到了九寨沟的主要景点珍珠滩瀑布。九寨沟的水没有咆哮，却有欢快和宣泄。欢快流淌的水花向我们昭示了九寨沟的另一番别样的风情。珍珠滩属于高原钙化地形，这里有河水缓缓流淌，钙化地形凹凸不平的表面，激起奔腾不息的水花，恰似一颗颗洒落的珍珠。在珍珠滩的末端，一路欢快流淌的水花，突然间跌入深渊，形成气势磅礴的珍珠滩瀑布。听着缓缓的流水，看着似曾相识的瀑布，忽然间想起电视剧《西游记》的经典画面不就是在这里拍摄的吗?珍珠滩的水花洁白如玉，与九寨沟众多湛蓝的湖水形成颜色不同，风格均异的景象，然而正是这些一路欢快的水花，展现了热情的九寨沟人民的风情。，，九寨沟的美景数不胜数，大自然的鬼斧神工真让人惊叹不已。来吧，朋友!来到九寨沟，来亲自看一看、瞧一瞧，好好地领略一番那美丽如画的九寨沟吧!，游九寨沟的心得体会 篇3，还在我小的时候，就常常听妈妈说九寨沟是多么的美丽，今年夏天，我的好奇心终于被打破了，我和妈妈去了九寨沟。，巴士上，导游告诉我们，水是九寨沟的灵魂，有“九寨归来不看水”之说，今天，我就要亲眼见识九寨沟神奇的风采了。，一到九寨沟，我简直不敢相信自己的眼睛，这是现实吗?分明就是“童话世界”!如梦如幻，如诗如画……，，这里有熊猫海，箭竹海，五花海，镜海，长海……，而唯独让我最难忘的是五花海，它非常酷似孔雀开屏。五花海的水面色彩斑斓，有的浅蓝，有的青绿，有的蓝绿，有的杏黄……五颜六色，美丽极了!水清清的，清得能看见沉积在水底的树木，还有水底一群一群可爱的小鱼。五花海周围的山坡郁郁葱葱，远远望去，就像一片片绿色的海洋，风一吹，碧波荡漾。听说入秋后，山坡便笼罩在一片绚丽的秋色之中，色彩丰富，千姿百态，再加上岸上丛林倒映池中，更加色彩斑斓，五花海也因此而得名，与水下树木、植物点染，五花海显得更加美丽。，，“你牵着马，我挑着担……”相信大家一定很熟悉这首歌吧!没错，这就是电视剧《西游记》的片头曲，而片头曲背景图上的瀑布就是九寨沟的珍珠滩瀑布。，珍珠滩瀑布海拔为2443米，瀑布高21米，是九寨沟内一个典型的组合景观。瀑布被形如新月的岩体分割为数股，或银帘飘飞，或白浪滚滚，或如珠似线，狂奔急泻汇入涧底，喧腾着奔流而下。珍珠滩瀑布宽200米，落差最大可达40米，气势非凡，雄伟壮观，瀑布冲进谷底，吼声如雷，卷起千堆浪花，向东狂奔而去。看着眼前的壮观景象，我流连忘返，乐不思蜀。，，水真是九寨沟的灵魂啊!不同的季节，不同的变幻，它就等着我们去欣赏，去沉醉……，游九寨沟的心得体会 篇4，九寨沟风景美丽，连美不胜收的桂林都败在阵下，是游人必去的好地方。新鲜的空气，五颜六色的湖水 ，是九寨沟的最大特点。，九寨沟的景点非常多，有犀牛海、老虎海、五花海、树正群海、树正瀑布、珍珠滩……如果你不去，就可能会问：这么多海，怎么可能出现在一个地方?其实你想错了。这里人并没有见过海，于是他们就把家乡的湖都称为海。因此，那里有非常多的“海”。，，在九寨沟，我们先看到了“绿遍湖泊”的芦苇海，那成千上万的芦苇把湖泊都给盖住了，根本看不到水。接下来是波光粼粼的火花海，由于太阳把水映出了金色的光芒，水里就好像有火花一样，名字由此得出。再往上就是火花海的上游——老虎海。一说到老虎，大家都会觉得非常威猛吧?其实老虎海平的就象一面镜子，大家都看不出来水在流动，当然你看到下游的瀑布和湍急的河流就知道，水还是流的很快。接下来是犀牛海，这老虎海的上游里隐藏着一个传说：从前，一个高僧骑着犀牛向深山中走去，结果路上生了病，正好到了这片湖旁。这位高僧喝了湖里的水后，病马上就好了。他认为是犀牛帮了大忙，于是将这只犀牛留在此处，这片湖水的名字也就出现了。，，随后我们上了观光车，往最高的景点——原始森林走去。山路弯道非常多，司机又开得非常快，于是观光车成了过山车，飞速向上行驶。到了那里就已经海拔2900多米了，结果一走快就喘，只能慢慢走。在森林里，有许许多多高大的云杉和冷杉，许多小灌木上有青苔，于是整个树上都看起来毛茸茸的。，最后，我实在不行了，只好坐车下到了熊猫海。那碧水蓝天的熊猫海成为了鱼儿的天堂。我们坐车来到了珍珠滩，那里的水又是另一种风格，因为珍珠滩的水多，水流急，所以下面有雄伟的瀑布。我们边走边拍照，来到了当年拍西游记的地方——珍珠滩瀑布，飞流直下的瀑布溅起层层水雾，拍到我们身上。,1.0,好评
超帅的青蛙,普通用户,5.0,0,0,2024-03-20 18:35,天上瑶池，人间九寨。九寨沟绝对不虚其名，九寨沟在冬天是枯水期，但是依旧美不胜收，我们去的时候是淡季，排队的人并不多，可以很好的欣赏美景，5a只是景区的上限，并不是九寨沟的上限。以后还会再来的，下次想看看秋天的九寨沟,0.9997166913121451,好评
郭亦心她爸,vip,5.0,12,0,2024-03-20 06:02,九寨沟国家级自然保护区，位于四川阿坝州九寨沟县漳扎镇境内。，千百年来，九寨沟隐藏在川西北高原的崇山峻岭中，人类的活动显得微不足道。该区藏民几乎与世隔绝，过着自给自足的农牧生活。，这里前几年因为地震，水都差点震没了。，所以想来看的要赶快。,0.9999999956217867,好评
小熙同志,vip,5.0,0,0,2024-03-20 00:15,✔️一天的时间足够游完精华透），四季的九寨沟都呈现不同的景色，可以根据出发时的季节气候调整浏览的景点，例如冬季去长海就结冰了，有人觉得结冰好看有人觉得结冰没意思，具体看自己的情况～，，✔️整个九寨沟的线路呈现 “Y“字型（地图在图2），入景区后会有观光车分别送到三个大站点，具体要根据景区的人流调度安排，，✔️每辆车去到的终点都不一样但观光车上会有讲解员告诉你下一站到哪里，下车之后应该怎么游玩以及应该去哪个上车点上车，这一点我觉得九寨沟景区就做的非常好，每一步都很清晰的告诉你，不会让你在偌大的景区里很迷茫，，✔️需要在景区用餐的可以自行的公众号“九寨沟诺日朗旅游服务中心”自行订餐，如果是淡季去可以到餐厅购买，选择种类会更多画,0.9999999993537831,好评
糖糖lucky11,vip,5.0,0,0,2024-03-19 18:37,九寨归来不看水，这句话不是没有道理的。哪怕是冬天，水少了很多，仍然掩盖不了她独特的美，我们去的时候刚下了雪，长海冻住了，往下走沿途都是雪，连诺日朗都有不少。交通完全不用动脑筋，全程无脑不耗体力游玩，餐厅选择很少，价格不便宜，没有免费热水，自带自热米饭最佳。走走停停5-6小时，算不累，不狂拍的玩法。,0.9998993950072488,好评
hellen47,vip,5.0,1,0,2024-03-19 15:20,都说九寨沟回来不看水，九寨沟的水确实漂亮，不同的景点水的颜色和风景都有些不同。，   景区里面的和公交车一样的景交车非常方便，把我们送到最高景点，再看一个景点就坐车到下一个景点，真心玩的不错，也不累，车也很多，基本都没等多久。,0.9846906606750963,好评
犹太羊,vip,5.0,0,0,2024-03-19 14:09,碧绿的湖水涓涓流淌，来自北方的我从没见过这么美的水，沿途的园区摆渡车免费，而且都有导游讲解下一个将要去的景点特的，与其相关的神话故事，12月份来九寨沟虽然树木有些干枯，但是有好多冰晶也是夏季看不到的，很美，希望有机会夏天再来一次,0.9993811388911558,好评
小莉子靖,vip,5.0,0,0,2024-03-19 11:45,一年四季都很美的九寨沟，这是9月的九寨沟，自驾前往，这是个成熟的景区，周边配套设施齐全，住宿餐饮都不错，一路风景太美了，随手一拍都是美景，中途下雨也不影响他的美，观光车可以到每个景点，不用太累，老年人都可以，不枉此行！,0.9997332868367085,好评
CarpeDiem,vip,5.0,0,0,2024-03-18 19:56,感觉人生能来打卡一次九寨真的就也无憾了，虽然跟着团路途十分折腾，来回成都要花去两天的时间，去之前还赶上滑坡被迫改道前行，但也顺利到达了。看到了非常美的自然景观，每个湖海都是完全不用加滤镜就能拍出来超美的图。虽然去的时候是枯水季，但这种景色看过真的是令人流连忘返。,0.9999993476750856,好评
小小吃货一枚,vip,5.0,0,0,2024-03-17 19:20,神话般的九寨沟美到极致的绝对要属五花海！那如斑斑琥珀的五花海静静地躺在绿色的环抱之中，就像是镶嵌天然翡翠上的一块蓝色宝石。怕三月份过来景色不够美的朋友们，勇敢的冲吧，相信我景色是很美的，非常值得一看，人间胜境！,0.9999999999644711,好评
孙小云,vip,5.0,4,0,2024-03-17 17:54,春节假期后休了个假，带着孩子去逛九寨沟风景区，成都东站坐高铁到镇江关后，从镇江关坐车到松源后再换车到九寨沟，一进入九寨沟风景区，一切路上的疲劳都是为了这美好的一刻，沿着九寨沟风景区的三条游览路线一路游玩，长海、五花海、诺日朗瀑布、五彩池、珍珠滩等等，每一个景点都有它独特魅力。,0.9999779128955534,好评
Ailvin,普通用户,4.5,0,0,2024-03-17 17:01,≠交通#从成都坐约2小时高铁，再转3小时大巴到九寨沟酒店门口下。坐在了最后一排人生第一次坐车坐到呕吐（上次在西安坐一天大巴去黄河也是最后一排，一点事都没）。，，#酒店#新开业的丽呈酒店（五星标准），除了房间小，其它都还可以。主要是位置方便，离景区门口打车起步价。旁边就是美食街，吃饭很方便，味道也很不错。，，#景区#仙竟，冬天去的，遇上大晴天，累色美还不冷,0.9939751113128965,好评
am,vip,5.0,0,0,2024-03-17 09:31,破除重重阻碍，我今年春节终于还是选择了去九寨。九寨最终也没有辜负我的爱,0.9995482407224987,好评
Heather,vip,4.5,0,0,2024-03-16 16:51,错峰打卡九寨沟 冬日的九寨别有一番风味 水依旧很美 山上的积雪也还在 有了另一番景致。九寨沟景区开发很成熟 区内交通很便利 大巴可通到每个景点 基本不需要太走路 但是每个景点其实也不算远 体力好的话也可以步行打卡每个点 途中也有不少好风景。冬天原始森林没有开放 希望后面有机会二刷再来看看不同的景致。,0.9999999880458409,好评
匿名用户,vip,5.0,0,0,2024-03-16 09:10,去九寨沟可以提前在沟口住下来，网购门票及景区交通车票，清晨进沟。景区服务比较成熟，面积较大，景交车上车后随机安排游玩线路，到达最远点再往下接续乘车游玩。随团进去后自己游玩，约定时间出景区，通常下午3时左右。景点主要分布在呈Y型分布的树正沟、则查洼沟、日则沟，高原钙化湖群、瀑群和滩流等水景规模大，形态各异，移步即景，美得令人折服。,0.9988706838037017,好评
土拔鼠1983,vip,4.5,0,0,2024-03-14 22:35,都说九寨归来不看水，能亲自去一趟也是很值得了。门票是真的归，这地方一般跟团去的比较多，早上8点准备去的时候人就已经很多了。景区面积是真的够大，摆渡车票还是要买的。当天没有太阳，如果有阳光景色会更好看。九寨一年四季景色都不一样，还是值得多去几次的,0.9959553802817218,好评
匿名用户,vip,4.5,0,0,2024-03-14 20:45,淡季票价蛮优惠的，景区大巴车基本上不会排队太久。其实对阿坝印象挺好的，不会有宰客的现象，即便有当地人推销东西都蛮便宜的，粑粑柑和玉米都是五元，方便面泡好十块。在镇江关下车还有人推销水，也才两元一瓶，这边人属于比较本分赚钱那种。，九寨沟景区开发的也很不错，首先地方足够大，其次坐景区大巴极为方便，基本上一天能玩完，景色也绝美，对比之下丽江的蓝月谷简直小巫见大巫。唯一有遗憾的是，各个点的景色好像都差不多，蓝色的湖这种，看多了可能会审美疲劳，如果多增加点项目比如漂流，滑雪，划船会更有意思些。,0.9861344355299356,好评
倾城时光,vip,5.0,0,0,2024-03-14 20:29,交通：，报团出行，完全不考虑交通问题，因为我们住在三环外，早上自己打车到集合点的，三环内的伙伴们是可以享受旅游团安排的车接的，这次跟团的导游是张玲小姐姐（整个旅途都很贴心，任何问题第一时间找她，妥妥滴）川ACF115，刘师傅，侯师傅辛苦啦，全程的安全放心的交给他们，特色体验：，对我来说超亮眼的一站是黄龙的五彩池，不愧称之为人间瑶池，附一波美图，强烈推荐大家去身临其境感受一趟,0.9999997509434232,好评
氓,vip,5.0,1,0,2024-03-14 11:28,姐妹们，怪不得说九寨沟是5A景区是因为景区的最高上限是5A，真的名不虚传。超级美，去了直叫人流连忘返。，连夜自驾400多公里去，看到美景的那一刻忘记了所有的疲惫，有些美景真的需要自己亲眼去看才能体会到那种震撼，大家都给我冲,0.9998999228212169,好评
哥本哈根_5888,vip,4.0,1,0,2024-03-13 14:28,避雷划重点：千万不要在周边不收费的地方乱停车，景区停车场收费不低，按小时10元计算，最好停自家酒店区域打车过去，景区内摆渡车班次挺多嘞可以灵活上下。，特色体验：，九寨沟路程呈Y，一般先走景点就到了长海看路程也没继续走了。景区游玩的时间还是有点紧张，尤其是要看芦苇海的，那段路摆渡车不会停下来上客。吃的可以去游客中心简单吃点盒饭或冲方便面，小商铺都有。,0.0019642402538411208,差评
咖啡时间,vip,4.5,3,0,2024-03-13 14:19,交通：，自驾去的，景区停车场收费不低，按小时10元计算，但是奉劝各位千万不要在周边乱停乱放后果很严重！最好停自家酒店区域打车过去，景区内摆渡车班次挺多嘞可以灵活上下。，特色体验：，九寨沟路程呈Y，我们因为在途中看上好看的藏服旅拍耽误了一个多小时，部分景点就没去了最远只到图2的长海。早上十点多进景区，四点过出来的，为了看图1芦苇海走惨了……看个人取舍吧，个人还是比较推荐小姐姐尝试下照片我们讲了好了价，现场拍完就把拍原照传给你没有P图,0.3094266187859941,差评
那只猫,普通用户,5.0,1,0,2024-03-13 13:47,早上九点入院，我们玩了三个多小时，不必要全部都去，网上找的路线，箭竹海，熊猫海，五花海，镜海，去看看就行了，其余的地方没什么意思，池子都一样，这几个地方看完了其余的就不想去了，长海上冻呢，山上冻上了，山下还行，池子就是这四个地方拍的，没滤镜，挺好的，,0.9908486857977364,好评
喜开颜笑小怪兽,普通用户,3.5,0,0,2024-03-13 08:45,交通:，很方便，交通直达，就是太远了，得看一个地方就坐车去另一个地方，太大了，特色体验:，风景真的很美，三月初去的还是雪山，很有一番风味，还是原相机，推荐理由:没去过真的可以去看看，很惊艳，交通也很方便，推荐前往，对了，要有阳光的时候去，太美了,0.9999997419812705,好评
二花脸,vip,5.0,3,0,2024-03-12 18:12,,0.5262327818078083,中评
美好生活,vip,4.5,0,0,2024-03-11 19:03,九寨沟，这个美丽的名字背后藏着怎样的自然奇观和人文魅力呢？今天，就让我们一起走进九寨沟，感受它的独特魅力！，，九寨沟以高原钙华湖群、钙华瀑群和钙华滩流等水景为主体，其水景规模巨，景型多，数量众，形态美，表局精和环境佳，是九寨沟景观的精华。，九寨沟是一个充满自然魅力和人文底蕴的地方，它的美丽不仅仅在于山水之间，更在于人与自然的和谐共生。如果你还没有来过九寨沟，那么一定要来一次，感受它的独特魅力！,1.0,好评
匿名用户,vip,0.5,0,0,2024-03-11 16:56,九寨沟的关门时间是下午5点，从3点多开始，下山的观光车几乎都不停，站点全都快速开过去，4辆里面有1辆会停的概率，游客拼命招手都不搭理，越是游客挥手示意，那些司机开的越快，明明是站点凭什么不停？就造成只要有一辆车停下，就被塞得满满的，所以人挤得要死，(夸赞这类司机，知道只要停下就是塞满车厢，却还履行职责，造成这种情况是那些**失职的司机)，本来游客玩了一上午，下山就很累了，而且游客已经买过观光车的车票了，凭什么上山就乐乐呵呵地拉上去，下山就当甩手掌柜，我下山的时候，那一车游客都挤的吐槽，明明付过观光车的费用了，还这样，体验感很不好,3.938385617630047e-09,差评
风尘散人,vip,5.0,2,0,2024-03-11 10:00,交通可以乘坐班车，成都茶店子，新南门车站直接购买到九寨沟的班次，也可以自驾。，九寨沟呈现Y字型，景区里面有班车，景区很大，可以选择有代表性的景点。，有代表性的就是珍珠滩瀑布，是86年版西游记的取景地。还比较推荐，五花海，诺日朗瀑布。，景区的物价还算合理，泡面十元，提供热水，还有盒饭30。,0.99999981447443,好评
吴大亏旧号上不去,vip,4.5,0,0,2024-03-10 18:30,📍导航精准。能自驾可以慢慢自驾。,0.9251016266522623,好评
dingqun1979,vip,5.0,1,0,2024-03-10 17:18,九寨归来不看水，的确美得不可方物。，淡季来，门票买一送一，很值得！，九寨沟是Y字型，三条沟，进入景区有游览车送到y字左边或者右边最高处，然后一路向下，根据景点走路或者游览车接驳，到了三沟交汇处可以吃饭，有自助餐盒饭或者点菜，价格和味道还是可以接受。吃完饭游玩y字另一边，结束后回到日诺朗中心，游玩最后一条沟，也是出口方向。我们是早上8:30分到下午4:30出，时间很充裕，一天完全可以。，总之很精彩的一天，可以说每一抹蓝都在治愈我的双眼,0.9984387783833858,好评
小花生,vip,5.0,0,0,2024-03-10 10:41,🌈九寨沟，大自然的奇迹！,0.9860960893623294,好评
火锅妹,vip,5.0,0,0,2024-03-09 19:09,九寨沟位于四川省北部阿坝藏族羌族自治州九寨沟县，是一片风景秀丽、自然神秘的地方，被誉为“人间仙境”。，九寨沟以其七彩缤纷的湖泊和瀑布群、原始森林、童话般的林间小物和民族风情，吸引了世界各地游客前来观光，被列为世界自然遗产、世界生物圈保护区，同时也是国家AAAAA级景区。，九寨沟的独特之处在于其地貌特征，因地处青藏高原与四川盆地的交汇处，地质构造完整，地形地貌呈现了海拔高度、崇山峻岭、冰川雪峰、峡谷溪流以及各式各样的湖泊与瀑布,0.999999999999986,好评
小米奔騰至尊會員,普通用户,4.0,0,0,2024-03-09 05:25,交通：，跟团来的，里面的观光车还是比较方便的。，特色体验：，第二次来九寨沟了，第一次是10年前了，没有第一次感觉那么惊艳，这次还有冰雪没有融化，但是不影响美感。，推荐理由：，山美水美，里面餐饮也方便。，tips：，大家注意，这里面食堂，盒饭25，30的就可以。买东西一定要讲价，手串10元。,0.9994214342134008,好评
好多级,vip,4.0,0,0,2024-03-08 10:55,九寨沟简直是太美了，整个景区呈Y字型，进入景区之后还是要乘坐景区巴士的，依山而建，池水清澈见底，天气晴朗的话看得到山水湖光一色，山景印在水中，两两相得益彰，相互映衬。里面有拍照的当然也有做妆照的，想要留下美美的照片，那是不能错过哦。由于是在山上的景区，空气清新，并且略微的湿润，感觉给肺洗了个澡，很是舒适哦。PS：景区门票价格不便宜，如果抱有过多期待的话可能会失望哦，主要是爬山+看池水哦,0.9999881837224629,好评
小峰峰,vip,5.0,5,0,2024-03-08 10:44,九寨沟位于九寨沟县漳扎镇九寨沟风景区，坐大巴从市区到九寨沟真的很远，但是九寨沟真的很值，九寨沟的风景真的很美，奔腾的河水，清澈的湖泊，翠绿的森林，仿佛是大自然赋予这里的最美的礼物，天上瑶池，人间九寨。果然名不虚传，真的很棒,0.9999999999999991,好评
只是昨天,vip,4.5,0,0,2024-03-08 08:25,九寨沟是我最喜欢的景区了吧，十多年前就去过两次了，一次是秋天，一次是冬天。今年春节突然刷到了九寨沟的帖子，临时起意来了一次说走就走的旅行，有车了真方便啊，走的汶川阿坝方向这条线，一路开了七个小时到了沟口，现在已经跟十年前完全不同了，人真的好多，沟口热闹非凡，极其拥堵，因为临时决定来没有订房间，结果附近四五公里内都没房间了，好不容易找到个离沟口十几公里的客栈才住下了，没热水没空调，电热毯也是坏的，将就了一夜。第二天进沟堵了一个小时，到门口排队半个小时验票，排20分钟坐上观光车，如今不像从前那么方便了，坐观光车也不知道会到哪个点，都是服从调度，不像从前，可以自己选择在哪个点下，还可以选择步行，现在很多地方被封住不准步行，只能坐观光车，按规划路线走，有些小路上的风景就看不到了，总的来说体验感再也没有以前好，觉得景色也没有以前美了,0.9999944748952447,好评
颖颖美黛紫,vip,5.0,4,0,2024-03-08 00:19,规划已久并且十分期待的行程。，秋季的九寨彩林闻名遐迩，据说最佳时机是10/20-25这段时间，因为工作原因，11月初才有时间。也算是赶上了彩林的小尾巴～，，交通：，在飞,0.9991230646899786,好评
淀粉炒蜜汁,普通用户,4.5,1,0,2024-03-07 21:23,交通 我们跟团来的这边 还算方便 就是时间有点久 九寨沟景区内 观光车很方便 住宿环境也还好 考虑到室内冷 酒店有电褥子 景区内环境也挺干净的 每见到水 都是震撼的 蓝蓝绿绿的 所有的照片都不及眼睛见到的美 旅游无非就是从自己呆够的地方去看看别人呆够的地方 无非就是溜达 看景色 心旷神怡 还不错的 跟团也很省心,0.999986547174111,好评
水蜜桃儿儿儿,vip,4.5,3,0,2024-03-07 09:50,九寨沟是去年6月中去的，那会应该是枯水季，五彩池很美，但水很少~拍照还是好看的，就景色而言应该还是水多一些好看吧，九寨沟离成都挺远，我们租车开车去的，还在景区内住了一晚（住在树正寨），但个人认为没必要，虽然九寨沟各个点很多，但都大同小异的，静谧的，蓝绿色or绿色的湖泊，有些会有些鱼，看久了会审美疲劳，虽然有观光车但还是要步行很多路噢~，下次有机会，看看其他季节的九寨沟~,0.9999999972750966,好评
潘derder,vip,5.0,1,0,2024-03-06 21:00,冬日九寨别有风情，最关键人还少，门票还买一送一，欣赏风景的体验很好。景区非常成熟，观光车的安排很合理，那个点都有卫生间，而且卫生间很干净，冬天还都有热水，真没想到！老人孩子来也不用特别担心。就是别忘记还是多穿点！,0.9999916610865057,好评
二见倾心,vip,4.5,3,0,2024-03-06 16:47,九寨沟风景区，九寨沟一绝和九寨沟精华之誉，也是九寨沟的骄傲，美不是能用几包话来证明的，要自己亲自去体验和感受；，九寨沟淡季人还是很少的，冬天去体验感是最好的，人最多的还是五彩池；，总体人说还是一般，景区上写着5A旅游地，感觉不值的，所有的水都一样，但是最好的水还是九寨沟的水。,0.9999988809479592,好评
一罐热茶,vip,4.5,6,0,2024-03-06 15:28,说是高速通了一部分 过去只要5个多小时 实际还是开了七八小时 感觉被导航坑了 特别是回程路上下雪结冰 开的更慢了，风景还是不错的 只不过我们去的时候既没有秋天的多彩 也没有冬天的雪景 冷倒是挺冷的 有点遗憾，下回准备等高速完全通了 再来看一次春景或者秋景,0.06493472503189546,差评
嘛哩嘛哩哄,vip,4.0,1,0,2024-03-06 00:00,如果说九寨沟是川西王冠上的明珠，那么五色湖就是九寨沟这颗明珠上最耀眼的那一抹光芒了哈哈~五色湖在景区两条线分叉口不远，如果没有坐到去五色湖的车，可以在分叉路口下车换一辆过去！五色湖基本冬天不冻，但是树是秃的，如果枝繁叶茂相比更加漂亮，湖水真的很美，是唯一让我觉得来回十几个小时的大巴值得的地方。,0.9995037386559757,好评
叶桑稚,vip,5.0,3,0,2024-03-05 18:47,九寨沟是我到现在一直都念念不忘意犹未尽，想念想念想念的景点。，交通：，这里的交通严格说，起来真的不算很好，因为首先我是落地飞机落地的成都，然后从成都坐高铁到镇江关站然后再坐大巴到九寨沟景区，这个中间最起码需要五个小时，从成都到九寨沟第二天呢，一大早就来到景区门口排队，然后跟着观光车去玩玩了一天确实风景真的超级美，现在是淡季哦，原始森林还没有开放，但是里面的景色已经是非常非常美了，不敢想象，忘记的时候有多么的美完了一天要回家了，可是真的很舍不得呀，已经离开九寨沟好几天了，但还是很想念嗯。,1.0,好评
坤坤要早睡,vip,5.0,2,0,2024-03-05 17:03,交通：，我们是自驾来的，所以比较方便，但是景区停车场停满了，只能花钱在外面停。，，顺带提一句景区外的出租车真的需要整顿了，真的乱开价，太猖狂了！，，九寨沟的景色真的不用多说，而且景区里面的体验也很好，观光车安排非常流畅有秩序，而且车上司机也会介绍每个景点的特色，还会教你怎么走会比较好,0.9868776032365258,好评
yinyinguk,vip,5.0,2,0,2024-03-05 14:24,这个时间出行，九寨沟的游客不多，在里面5个小时这样，没有加吃饭时间。坐车加步行，不是很累。三个地区都看到。还是挺不错的。虽然不是夏秋最美的时候，不过没有十全十美，值得来一次。各类钙化的池子。看来九寨不缺钙,0.9999971841079035,好评
小卉0422,vip,4.5,1,0,2024-03-05 11:52,说走就走的旅行✈️，第四站九寨沟景区，九寨沟是我一直想去但是没有去成的地方，这次过来不留遗憾，天气给力即使冬天还有19度的温度使我们这次游玩更舒服了,0.9053160627224136,好评
西伯利亚大王,vip,5.0,1,0,2024-03-05 08:26,上午十点半的高铁🚄到镇江关 ，出站就坐上了免费到松潘的客车 大概一点左右到达松潘 ，买了两点去九寨沟沟口的车票🎫 期间一小时极限打卡松潘古城,0.00020194427719844033,差评
艾瑞斯不梦游,vip,5.0,11,0,2024-03-05 08:04,从成都坐动车来到九寨沟，相比全程开车可以省很多时间，不用早起也不用晚归，到了景区后也会有景区观光大巴，安排非常合理，Y字型从上玩到下。另外说回风景，冬天的九寨沟只要有充足的阳光就会很美，我去的时候正好是大太阳，雪也都化了，美不胜收！,0.9999939323253612,好评
匿名用户,vip,5.0,0,0,2024-03-04 19:35,舟车劳顿，飞机~大巴，历经8小时，终于来到了这里，看到此仙境真是名副其实！九寨归来不看水，不虚此行,0.9965147012718022,好评
好吃嘴儿不要胖嘟嘟,vip,5.0,0,0,2024-03-04 09:47,九寨沟，全球知名景区了，来第N次，还是觉得景色无敌。，，位置， 四川省阿坝州境内，反正位置是距离成都市有点远，但是听说年内就要高铁到川主寺了，那去的话方便很多。，，环境，一级棒，但是走一天耍一天还是累，现在景区里有住宿，在树正寨。，，门票和服务，确实是5A体验，整体感觉可以，一年四季都值得看。,0.9999999863942977,好评
对方正在输入.......,vip,5.0,1,0,2024-03-04 08:45,冬天的九寨沟也是别有一番风味，由于景区特殊的地理环境，山顶还可以看雪，我们去的时候山上也在飘雪，真的跟美。下面也是艳阳高照，蓝色的天空和蓝色的水，特别漂亮！真的是一年四季可以打卡四次的景区。下次一定还会再来！,0.9999997708730216,好评
玲珑骰子yao,普通用户,5.0,2,0,2024-03-03 23:23,九寨沟一个你去了就不会后悔的地方。，九寨沟的美丽不在于秋季也不在于春季，而是在于它独特的冬季。每个季节来都有不一样的感觉，冬的凛冽让你感受这里独特的魅力。,0.9999888109453487,好评
Ruby大寶,vip,5.0,0,0,2024-03-03 20:58,很好玩，就是去的路程比较折腾，也很赶，很多人去，天气会比较冷早上，以为是8点多会开门进来，怎么知道等到了30-40 分钟才开始可以进去，希望可以早点开门，我们早点走完早点赶路回家，哈哈哈哈整体还算不错的,0.7513204229765004,好评
pipichanmao,普通用户,5.0,1,0,2024-03-04 14:59,交通现在方便好多！成都东到镇江关2小时高铁再倒3小时直达大巴到沟口！，酒店也不错，在沟口，早起可以步行到入口。，景区接待分流游客的能力真心,0.9955460764479274,好评
小明同学,vip,5.0,1,0,2024-03-03 09:40,,0.5262327818078083,中评
小张去付钱了,普通用户,5.0,0,0,2024-03-02 19:22,冬天12月底去的，去了之后，下的雪都化了，没赶上最美的冬季，水依旧很蓝，人很少，玩起来很舒服。但是天气不太美丽，景也跟着逊色了一下。去的时候因为是禁火期，原始森林关闭了，好可惜。 往上走，海拔越高，湖水都结冰了，但是不影响观赏，总之，九寨，真的很美，淡季的时候也很值得去,0.9999999937356632,好评
Duang,vip,5.0,1,0,2024-03-02 19:07,元旦节报团去的九寨沟，虽然是淡季，但因为是节假日人还是非常多的。，说说景区的交通吧，里面是有公交车送进去，任何一个景点都可以下车，也可以在站点等车，非常方便。，景色还是非常美丽的，就是感觉时间很匆忙，如果要慢慢欣赏美景可能需要两天时间，如果只是打个卡的话去比较有代表性的景点就可以了。,0.9999560481369381,好评
欣包子,vip,5.0,1,0,2024-03-01 21:32,冬天的❄️九寨，从山底到山顶，各种色彩交叠在一起。，真的很美，冬天有冬天的美。，，而且看着雪很大，但是一点没觉得冷🥶，只穿了一条裤，一路边走边玩，欣赏美景。太舒服了。，，每一个高度都会遇到不同的色彩，太美了。以后有机会秋天要再来一次。,0.9999996646975285,好评
好玩和有趣,vip,5.0,0,0,2024-03-01 20:01,在四川成都报了三日团 九寨沟➕黄龙，第一站就是九寨沟，门票🎫：160，需要逛一天 ，九寨沟山下有很多酒店 建议住这里上山方便，整体的景区是Y型（景点分布见最后一张图），从入园开始就要做景区大巴了🚌 先去日则沟还是则查洼沟 完全随机 ，日则沟好看的景点很多，不管是哪边都是送到最高点 往下逛，小景点之间也有🚌 ，九寨归来不看水，真的一点不假 ，看见了不同颜色的水 完全是大自然的画廊，人间瑶池~九寨沟[萌萌哒R]，这个地方极力推荐 来了四川不可错过的美景,0.9954659318973837,好评
rmmmmmin,vip,4.0,2,0,2024-03-01 10:22,早上九点就去门口排队了，过年真是挤。排一个多小时才进了景区。，进去后又要排队坐车。根本不用挤，别人直接把你推上车。，一定要站在窗子，一路上也有好多风景。，熊猫海还有结冰。熊猫瀑布挺好看。，五花海清澈见底。是一定要下车看的景点。,0.28856879613215514,差评
小桃子,vip,5.0,0,0,2024-03-01 08:50,阿坝藏族自治区 九寨沟风景区 ，具介绍得知～珍珠滩瀑布～海拔2445米，是九寨沟内一个典型的组合景观，也是电视剧《西游记》片尾中，唐僧师徒牵马涉水的地方！，这里真的很美，碧水蓝天，美到用词语无法形容，用相机都记录不完！，非常值得推荐的一个地方，来了 就会爱上！不虚此行！,0.9999921520278492,好评
GG小馋猫,vip,5.0,0,0,2024-03-01 07:12,九寨沟的水果然名不虚传，真的是太美了，不愧为世界水景之王。九寨沟有3条沟，最好看的是日则沟和树正沟，则查洼沟只开了2个景点，其中一个长海景点还冻冰了。走走停停，看看五颜六色的水，有的像蓝宝石有的像绿宝石，有的可以水面倒影，宛如童话中，人生得来一次九寨沟。,0.9999999989285884,好评
廖总统,vip,5.0,0,0,2024-02-29 23:29,没！有！人！能！不！给！好！评！，不愧是5A 几年前夏天来了一次 美死人了！这次冬天来 不同时期不同的美！超级洗眼睛 美死了 而且调度很满意 任何事物都不需要等车因为一直都够 真的很不错！下次还要去一次 流连忘返目不暇接！,0.9999346604261771,好评
葛飞飞飞。。。,vip,5.0,1,0,2024-02-29 20:38,九寨沟太美了！！！很幸运，来成都的前一天从成都南到松潘高铁开通了，去九寨沟的路程时间缩减一半，虽然仍然要五六个小时，但是沿途风景也很不错，在山川间穿梭，领略藏族自治州风土人情。到了九寨沟，整个空气都变得那么清新。水太美了，语言无法形容。随便拍照就对了，因为怎么拍都出片啊。,0.9999997720864953,好评
可乐不加冰,vip,5.0,0,0,2024-02-29 20:29,黄龙和九寨沟去了好几次，每次都感叹大自然造物的出神入化。，图是2015年去的，业余拍摄水平且手机略渣，完全无法呈现真实之美。震撼之余，希望有机会再去体验一把大自然的奇迹。，黄龙和九寨沟海拔较高，容易缺氧，大家要结合自己的身体状况综合评估是否适合前往，如果身体无恙，真的极力推荐！！！,0.9999995871565367,好评
喜乐小洋洋,vip,5.0,0,0,2024-02-29 15:56,春节期间和家人自驾出游，因离家比较近，所以一天可以往返，可能是过节的原因，出游的人特别多，沿途的风景也是美不胜收！，最喜欢的是树正群海，站在海边让人心旷神怡，么有一丝的杂念很清心哦！周边所以的景色都不错,0.9999999305694053,好评
x迪,vip,4.5,0,0,2024-02-29 12:57,交通：，九寨沟交通不算特别的方便，大巴✈️，以及目前高铁，但是最后都是只有🚌才能到。，特色体验：，九寨归来不看水果然名副其实，九寨沟的水每月份都是不一样的，他的水每个池子都是不一样的颜色，最为美丽的是五彩池。虽然长海那个沟就一个五彩池但是一定要去哦。,0.9998988703931929,好评
saragsy,vip,4.5,1,0,2024-02-29 12:39,九寨沟真的很值得大家去看看！过年期间和家人一起去的，冬天说是淡季，门票还有优惠。春节假期人也很多，我们去的时候，有3万多人进入旅游，入门排队排了快一个小时。但是里面的景色好看也是真的好看。各个景点之间有车接送，可以玩一天！拍照也很出片,0.9998571056241286,好评
一条鲑鱼,vip,5.0,0,0,2024-02-29 10:26,冬季的九寨沟，仿佛是一幅静谧的水墨画。尽管少了秋季的五彩斑斓，但冰雪覆盖下的九寨沟更显纯净与神秘。瀑布结冰，形成壮美的冰瀑景观，湖面则如同明镜，倒映着周围的雪山和森林。步行其中，仿佛置身于童话世界。冬季的九寨沟虽然游客较少，但更加宁静，让人能够更深入地体验大自然的魅力。,0.9999999999996518,好评
乌滋乌滋,vip,4.5,0,0,2024-02-29 09:59,九寨沟什么季节都很美而且每个季节还美的不一样，去的时候好多人说冬天没什么好看的，到了之后没有一点不好看的地方，虽然是枯水期有些海子都没水但是还是有很多有水的，而且它加上雪的映衬就更漂亮了，像画一样美的不真实,0.9997462798848048,好评
匿名用户,vip,4.5,0,0,2024-02-29 08:54,据说24年五一后有成都到九寨沟直达高铁，以后就更方便啦。现在是从镇江关坐大巴到九寨沟景区，大巴要坐3小时，还是挺辛苦的。，景色还不错，但是冬季会逊色一些，有的海子水量很小，植物也光秃秃的，吃饭也很方便，景区物价不算贵，在拉格朗日中心吃的一碗面，貌似是30元。不好吃但是也凑合，希望以后有机会 能在九寨沟景色最美的季节 再来一趟,0.9999999686315043,好评
monkey,vip,5.0,0,0,2024-02-29 02:33,瑶池盛景 人间仙境——九寨沟，，雪中的蓝冰 悄然又凝结 ，是这纯洁世界里的荧光童话世界，冬季的九寨沟真的是太美了，每一帧都好美，不愧是第一旅游景点，服务各方面都很好，每个讲解都很棒，景区卫生很干净，景区的餐厅也还行，盒饭20-30不等，太美了九寨沟。,0.9999999999999993,好评
小雯橙子,vip,5.0,1,0,2024-02-29 01:10,交通：，交通便利停车稍远可以住在附近的有免费停车场的酒店，距离差不多还不用给停车费有很多酒店走过去都很近，，特色体验：，每一个季节每一个景点都有它独特的美，拍照超级出片，再有一点点太阳原图直出，，推荐理由：，真的是那一句话5Ａ是景区的上限不是九寨沟的，淡季去人又少服务又好，每个景点还可以坐车,0.9999243079015737,好评
匿名用户,vip,4.5,0,0,2024-02-29 00:05,从成都本地可以报团来九寨沟。虽有购物，但为了这美景，也认了。地势高峻，气候宜人，风景秀丽，以高峰、彩林、翠湖、雪峰、叠瀑、藏情“六绝”而驰名中外，被誉为“童话世界”、“人间仙境”。真的太美了，一年四季都有景。注意高反。,0.999997109276683,好评
Ching,vip,5.0,0,0,2024-02-28 22:18,四川｜九寨沟，，📅2023年1月来的九寨沟，🚌报团，由于当时的高铁还没开通，由成都出发8小时车程！，👉🏻九寨归来不看水。九寨的水是真的无敌，可惜去的时候是下雪❄️天气比较阴沉，看不出究竟这个地方有多美。,0.9990869817360262,好评
林妹男装,vip,5.0,0,0,2024-02-28 20:21,九寨归来不看水，是对九寨沟景色真实的诠释，这是第二次来九寨沟了，真的是四季的美各不相同。现在坐高铁到镇江关，高铁外就有直达的大巴车，也可以坐免费接驳车到松潘再转，整体来说已经很方便了。唯一觉得不好的就是能坐着歇脚的地方太少了，好不容易看到个休息亭却是收费的。,0.8817925879063467,好评
ahuang,vip,4.0,0,0,2024-02-28 18:57,淡季人少也挺好，虽然冬季阴天景色不如其他季节，但可以看雪山雾凇。景色跟喀纳斯比较像，水要比喀纳斯清很多。游览也比较方便，阿坝旅游网公众号上提前买好票，刷身份证进，然后就是坐游览车，哪站停哪站下。除了几个瀑布要走很多路都是台阶上下，其他景点不太走。9点到下午4点出每个点都能走到。吃饭诺日朗餐厅有30块的牦牛面和盒饭，价格不算离谱能吃口热的，味道一般普通食堂水准，牦牛肉很少感觉就是普通牛肉，清汤也是麻麻的味道。，冬季左线比较美，因为海拔高，基本上都是大雪覆盖。，长海：虽然冻住了，但冰雪画面很震撼，五彩池：池水很美，右线因为树木基本上都是枯的，景色一般，箭竹海：很普通，熊猫海：冻住了，五花海：水很透，珍珠滩：要走很多路，是里面最大一个瀑布，冬天水量少像个公园瀑布，镜海：有风无倒影，一般，树正沟这段水比较蓝，风景不错。，诺日朗瀑布：要走很多上下台阶路，冬天水很小，犀牛海、老虎海：都是非常蓝的水，树正瀑布：水小，可以不用往下走，从上面路面上看风景更好，卧龙海、双龙海：水质很好很透亮的感觉，自带闪光效果，芦苇海：要走很多路，可以车上看，冬天风景一般，盆景海：冬天都是枯树，一般，扎如寺：藏式寺庙，有兴趣可以看看,0.9999999999999085,好评
欣芮贝贝,vip,3.0,7,0,2024-02-28 15:28,去年十月国庆假期去的，体验感不怎么好，后悔没有带宝宝推车，大部分走路，而且人多天气也不好，记得很多年前夏季去的时候拍照📷这里好好看，果然自然风景都需要靠阳光☀️滤镜，不过沿途的风景还不错，都需要遇到好天气才行，不过没有去过还是可以去一次，去第二次没有必要，感觉九寨沟的秋天冬天都属于人间仙境，运气好一定选择天气好的时候去,0.9999746707535295,好评
butterfly_8513,普通用户,4.5,0,0,2024-02-28 11:44,九寨沟和黄龙的美，是不用太多说的，也是用不完辞藻的，，交通：，我这次想着重说一哈交通，因为这次去，是我带老人小孩，考虑到自驾一个人开车可能开不下来，就选择了动车到镇江关，然后定的保姆车过去，就是大巴，只不过同排位置是三个，座位前后左右空间大一些，镇江关到九寨沟，车程还需要将近3小时，弯道很多，基本都是当地车牌，我们坐的是当天最后一班动车，6点多到的镇江关，于是基本都是夜里行车到的九寨沟，师傅开车是有点子猛的，车上也没有开空调，我们三个人都晕车很厉害，回程果断包车，走的黄龙再到镇江关，600rmb ，体验感好多了。，，推荐理由：，九寨沟景色真的很美，用“妖娆”形容不为过，只是冬天的黄龙就稍差一点，因为海拔原因，除了最上面的五彩池有水，下面都被雪覆盖了或者干涸的，换个季节来应该会很漂亮。,0.3453314899323028,差评
咕咕咕,vip,5.0,0,0,2024-02-28 10:29,九寨归来不看水。没想到这句话是真的！百闻不如一见啊。真的是见过的最美的水，清澈，颜色多变，蓝色，绿色而且纯度很高！饱和度很高。很像是画里的一样。太美了九寨沟哈哈，下次秋天的时候再来一次，好像每个季节都不同。,0.9999988682051768,好评
南康白起,vip,4.5,3,0,2024-02-28 00:43,九寨沟是中国四川省阿坝藏族羌族自治州的一个著名景区，以其独特的自然风光和丰富的生态环境而闻名。，，九寨沟拥有清澈的湖泊、瀑布群、多彩的森林以及雪山背景，四季变换的风景各有特色，让游客流连忘返。这里还有丰富的生物多样性，包括多种珍稀动植物，为游客提供了难得的生态旅游体验。，，九寨沟的旅游设施相对完善，包括舒适的观光车、清晰的指示牌、便利的休息点等。景区内的餐厅和商店也为游客提供了便利。此外，景区的工作人员通常态度友好，乐于助人。，，总体来说，九寨沟的自然美景和良好的旅游体验使其成为国内外游客向往的地方。不过，由于其地理位置和自然环境的特殊性，游客在前往九寨沟之前需要做好充分的准备，以确保旅行顺利且对环境影响最小。,1.0,好评
Stacie,vip,5.0,2,0,2024-02-27 22:34,如果有什么此生必去的景点，那必然是九寨沟。九寨归来不看水放在国内并无夸张，大大小小的海子形成的一汪蓝碧之水，实在让人沉迷。四季景色不同，能复刷的景区。，景区多年运营管理非常成熟，规范的大巴车很方便，除了进山路途有些辛苦，其他体验都很好,0.9999745965654563,好评
小C爱点dian评ping,普通用户,5.0,0,0,2024-02-27 21:29,来四川这边旅游，九寨沟是必须打卡地一个地方，一年四季有着不同的魅力，虽然无法体验春季的花开但是有机会体验这白雪皑皑的冬天也是很美的一件事情。观光车是必须项目推荐大家买因为来回78公里，而且山路很是崎岖不平，导游说这里是因为地质变化行程的有名的喀斯特地貌，树木参差不齐但是额外茂盛就算是寒冬依然是青绿的颜色，九寨沟有不同的海子，尤其是五彩池就跟镶嵌在祖国地图上的一颗美丽的蓝宝石一样，从不同角度能感觉不同的颜色，九寨归来不看水真的是很有道理。,0.9999994947881253,好评
